{
    "logP": {
        "mean": 2.4466757939524415,
        "std": 1.4477272535501788,
        "min": -6.8762,
        "max": 8.2521
    },
    "qed": {
        "mean": 0.7361031438606884,
        "std": 0.13521089570183079,
        "min": 0.111811475018,
        "max": 0.947805712504
    },
    "SAS": {
        "mean": 3.0707502751515108,
        "std": 0.8639273858531404,
        "min": 1.1327382804544328,
        "max": 7.289282840617412
    },
    "FractionCSP3": {
        "mean": 0.42495631965404074,
        "std": 0.22586099549914296,
        "min": 0.0,
        "max": 1.0
    },
    "molWt": {
        "mean": 328.29067966920576,
        "std": 62.02895837271851,
        "min": 150.12999999999997,
        "max": 499.9980000000003
    },
    "TPSA": {
        "mean": 63.17284118910482,
        "std": 23.032609556574346,
        "min": 0.0,
        "max": 149.7
    },
    "MR": {
        "mean": 87.95676554106107,
        "std": 17.028042336495503,
        "min": 17.490000000000002,
        "max": 151.2709999999997
    },
    "hbd": {
        "mean": 1.2859453199532684,
        "std": 0.8913659443516391,
        "min": 0.0,
        "max": 6.0
    },
    "hba": {
        "mean": 3.6757306913316974,
        "std": 1.5752329632779085,
        "min": 0.0,
        "max": 11.0
    },
    "num_rings": {
        "mean": 2.627162484120951,
        "std": 0.9890366452327972,
        "min": 0.0,
        "max": 9.0
    },
    "num_rotable_bonds": {
        "mean": 4.54247932535087,
        "std": 1.5614983100584185,
        "min": 0.0,
        "max": 11.0
    },
    "num_quiral_centers": {
        "mean": 0.9564314611785953,
        "std": 0.9925027731863992,
        "min": 0.0,
        "max": 11.0
    }
}